{"class_map": {"valid": [{"map95": 0.6049064763977586, "map50": 0.8563068702476444, "class": "all"}]}}